Type,Instance,Radii,Length,PosX,PosY,PosZ,DirX,DirY,DirZ




















































































Type 4,Instance 1,2.4042,25.0,26.700000000000035,80.3,32.5,0.0,0.0,-1.0
Type 4,Instance 2,2.4042,25.0,26.70000000000002,246.15786437626915,32.5,0.0,0.0,-1.0
Type 4,Instance 3,2.4042,25.0,23.30000000000004,484.4999999999999,301.7,0.0,1.0,0.0
Type 4,Instance 4,2.4042,25.0,23.300000000000075,394.4590837071511,120.13675323681473,0.0,0.707106781186547,-0.7071067811865481
Type 4,Instance 5,2.4042,25.0,26.700000000000085,24.499999999999964,76.70000000000002,0.0,-1.0,0.0
Type 4,Instance 6,2.4042,25.0,26.70000000000004,24.499999999999964,326.7,0.0,-1.0,0.0
Type 4,Instance 7,2.4042,25.0,23.300000000000047,24.499999999999964,323.3,0.0,-1.0,0.0
Type 4,Instance 8,2.4042,25.0,23.30000000000007,24.499999999999964,73.29999999999998,0.0,-1.0,0.0
Type 4,Instance 9,2.4042,25.0,26.700000000000053,396.8632467631853,122.54091629284896,0.0,0.7071067811865481,-0.707106781186547
Type 4,Instance 10,2.4042,25.0,26.70000000000003,484.4999999999999,298.3,0.0,1.0,0.0
Type 4,Instance 11,2.4042,25.0,23.300000000000036,249.55786437626912,32.5,0.0,0.0,-1.0
Type 4,Instance 12,2.4042,25.0,23.300000000000036,83.7,32.5,0.0,0.0,-1.0
Type 4,Instance 13,2.4042,25.0,626.6999999999972,80.30000000002053,32.50000000000233,9.09494701772928e-15,-2.444267011014744e-14,-1.0
Type 4,Instance 14,2.4042,25.0,626.699999999992,246.15786437628964,32.499999999998295,9.09494701772928e-15,-2.387423592153936e-14,-1.0
Type 4,Instance 15,2.4042,25.0,623.2999999999827,484.5000000000269,301.6999999999924,-3.6379788070916966e-14,1.0,-2.2737367544323103e-14
Type 4,Instance 16,2.4042,25.0,623.2999999999868,394.45908370717365,120.13675323680933,-1.818989403545846e-14,0.707106781186531,-0.707106781186564
Type 4,Instance 17,2.4042,25.0,626.6999999999987,24.500000000021558,76.7000000000037,3.637978807091713e-14,-1.0,2.3874235921539365e-14
Type 4,Instance 18,2.4042,25.0,626.699999999997,24.50000000002767,326.7000000000037,2.7284841053187846e-14,-1.0,2.2737367544323207e-14
Type 4,Instance 19,2.4042,25.0,623.299999999997,24.500000000027484,323.3000000000037,3.6379788070917124e-14,-1.0,2.5011104298755524e-14
Type 4,Instance 20,2.4042,25.0,623.2999999999987,24.500000000021373,73.30000000000365,2.7284841053187843e-14,-1.0,2.5011104298755524e-14
Type 4,Instance 21,2.4042,25.0,626.6999999999866,396.86324676320805,122.54091629284355,-1.8189894035458505e-14,0.7071067811865305,-0.7071067811865646
Type 4,Instance 22,2.4042,25.0,626.6999999999827,484.50000000002694,298.2999999999924,-2.7284841053187846e-14,1.0,-2.2737367544323207e-14
Type 4,Instance 23,2.4042,25.0,623.2999999999919,249.55786437628953,32.49999999999818,9.094947017729286e-15,-2.5011104298755533e-14,-1.0
Type 4,Instance 24,2.4042,25.0,623.2999999999971,83.70000000002042,32.50000000000222,9.094947017729286e-15,-2.4442670110147452e-14,-1.0
Type 5,Instance 1,4.4194,30.0,25.000000000000036,162.828797739065,229.26888296681852,1.0,0.0,0.0
Type 5,Instance 2,4.4194,30.0,25.000000000000036,58.43639320923947,67.80650394747714,1.0,0.0,0.0
Type 5,Instance 3,4.4194,30.0,25.000000000000036,88.50484549206664,264.508687911516,1.0,0.0,0.0
Type 5,Instance 4,4.4194,30.0,25.000000000000036,431.9327627713004,203.6399339161294,1.0,0.0,0.0
Type 5,Instance 5,4.4194,30.0,25.000000000000036,365.938218965776,282.4489522469984,1.0,0.0,0.0
Type 5,Instance 6,4.4194,30.0,25.000000000000036,187.17629933721963,295.90415049861014,1.0,0.0,0.0
Type 5,Instance 7,4.4194,30.0,25.000000000000036,238.43419743859783,67.80650394747714,1.0,0.0,0.0
Type 5,Instance 8,4.4194,30.0,25.000000000000036,419.76168774600154,339.93454030998186,1.0,0.0,0.0
Type 5,Instance 9,4.4194,30.0,25.000000000000036,426.01168774600154,333.68454030998186,1.0,0.0,0.0
Type 5,Instance 10,4.4194,30.0,25.000000000000036,244.68419743859783,61.55650394747717,1.0,0.0,0.0
Type 5,Instance 11,4.4194,30.0,25.000000000000036,193.42629933721963,289.65415049861014,1.0,0.0,0.0
Type 5,Instance 12,4.4194,30.0,25.000000000000036,372.188218965776,276.1989522469984,1.0,0.0,0.0
Type 5,Instance 13,4.4194,30.0,25.000000000000036,438.1827627713004,197.3899339161294,1.0,0.0,0.0
Type 5,Instance 14,4.4194,30.0,25.000000000000036,94.75484549206664,258.258687911516,1.0,0.0,0.0
Type 5,Instance 15,4.4194,30.0,25.000000000000036,64.68639320923944,61.55650394747717,1.0,0.0,0.0
Type 5,Instance 16,4.4194,30.0,25.000000000000036,169.078797739065,223.01888296681852,1.0,0.0,0.0
Type 5,Instance 17,4.4194,30.0,624.9999999999933,162.82879773909025,229.2688829668188,1.0,3.031649005909761e-14,7.579122514774402e-15
Type 5,Instance 18,4.4194,30.0,624.9999999999977,58.4363932092608,67.80650394748001,1.0,3.150072795203111e-14,6.631732200427602e-15
Type 5,Instance 19,4.4194,30.0,624.9999999999955,88.50484549209277,264.5086879115181,1.0,3.126388037344441e-14,7.579122514774402e-15
Type 5,Instance 20,4.4194,30.0,624.999999999985,431.93276277132514,203.63993391612308,1.0,3.410605131648481e-14,7.579122514774402e-15
Type 5,Instance 21,4.4194,30.0,624.9999999999866,365.93821896580266,282.4489522469937,1.0,3.221127068779121e-14,7.579122514774402e-15
Type 5,Instance 22,4.4194,30.0,624.9999999999922,187.17629933724652,295.90415049860985,1.0,3.031649005909761e-14,7.579122514774402e-15
Type 5,Instance 23,4.4194,30.0,624.999999999992,238.43419743861915,67.80650394747558,1.0,3.126388037344441e-14,6.631732200427602e-15
Type 5,Instance 24,4.4194,30.0,624.9999999999845,419.76168774602957,339.9345403099759,1.0,3.031649005909761e-14,7.579122514774402e-15
Type 5,Instance 25,4.4194,30.0,624.9999999999843,426.01168774602945,333.6845403099757,1.0,3.221127068779121e-14,3.789561257387201e-15
Type 5,Instance 26,4.4194,30.0,624.9999999999918,244.68419743861898,61.55650394747545,1.0,3.126388037344441e-14,6.631732200427602e-15
Type 5,Instance 27,4.4194,30.0,624.9999999999919,193.42629933724638,289.6541504986097,1.0,3.221127068779121e-14,3.789561257387201e-15
Type 5,Instance 28,4.4194,30.0,624.9999999999864,372.18821896580243,276.19895224699354,1.0,3.031649005909761e-14,3.789561257387201e-15
Type 5,Instance 29,4.4194,30.0,624.9999999999848,438.182762771325,197.3899339161229,1.0,3.031649005909761e-14,6.631732200427602e-15
Type 5,Instance 30,4.4194,30.0,624.9999999999952,94.75484549209263,258.2586879115179,1.0,3.126388037344441e-14,5.684341886080802e-15
Type 5,Instance 31,4.4194,30.0,624.9999999999975,64.68639320926061,61.55650394747988,1.0,3.173757553061781e-14,6.631732200427602e-15
Type 5,Instance 32,4.4194,30.0,624.9999999999931,169.0787977390901,223.01888296681864,1.0,3.221127068779121e-14,6.631732200427602e-15
Type 6,Instance 1,2.9345,30.0,25.000000000000036,61.3630015363087,326.24961308570425,1.0,0.0,0.0
Type 6,Instance 2,2.9345,30.0,25.000000000000036,158.75300792892722,346.75277232625547,1.0,0.0,0.0
Type 6,Instance 3,2.9345,30.0,25.000000000000036,149.78287576118606,155.17637817235456,1.0,0.0,0.0
Type 6,Instance 4,2.9345,30.0,25.000000000000036,383.64703584872393,150.691312088484,1.0,0.0,0.0
Type 6,Instance 5,2.9345,30.0,25.000000000000036,109.41728100635072,53.94202942213269,1.0,0.0,0.0
Type 6,Instance 6,2.9345,30.0,25.000000000000036,47.90780328469691,168.63157642396635,1.0,0.0,0.0
Type 6,Instance 7,2.9345,30.0,25.000000000000036,234.99913135472724,198.1048678322588,1.0,0.0,0.0
Type 6,Instance 8,2.9345,30.0,25.000000000000036,263.19097531048527,355.08218076772937,1.0,0.0,0.0
Type 6,Instance 9,2.9345,30.0,25.000000000000036,267.34097531048525,350.9321807677294,1.0,0.0,0.0
Type 6,Instance 10,2.9345,30.0,25.000000000000036,239.14913135472722,193.95486783225883,1.0,0.0,0.0
Type 6,Instance 11,2.9345,30.0,25.000000000000036,52.05780328469689,164.48157642396637,1.0,0.0,0.0
Type 6,Instance 12,2.9345,30.0,25.000000000000036,113.5672810063507,49.792029422132714,1.0,0.0,0.0
Type 6,Instance 13,2.9345,30.0,25.000000000000036,387.7970358487239,146.54131208848403,1.0,0.0,0.0
Type 6,Instance 14,2.9345,30.0,25.000000000000036,153.93287576118604,151.02637817235458,1.0,0.0,0.0
Type 6,Instance 15,2.9345,30.0,25.000000000000036,162.90300792892725,342.6027723262555,1.0,0.0,0.0
Type 6,Instance 16,2.9345,30.0,25.000000000000036,65.51300153630868,322.0996130857043,1.0,0.0,0.0
Type 6,Instance 17,2.9345,30.0,624.9999999999959,61.36300153633634,326.249613085707,1.0,3.126388037344441e-14,7.579122514774402e-15
Type 6,Instance 18,2.9345,30.0,624.9999999999927,158.75300792895538,346.7527723262559,1.0,3.221127068779121e-14,5.684341886080802e-15
Type 6,Instance 19,2.9345,30.0,624.9999999999941,149.7828757612095,155.17637817235516,1.0,3.221127068779121e-14,7.579122514774402e-15
Type 6,Instance 20,2.9345,30.0,624.9999999999868,383.64703584874735,150.69131208847892,1.0,3.221127068779121e-14,6.631732200427602e-15
Type 6,Instance 21,2.9345,30.0,624.9999999999961,109.4172810063717,53.9420294221343,1.0,3.126388037344441e-14,6.631732200427602e-15
Type 6,Instance 22,2.9345,30.0,624.9999999999973,47.9078032847207,168.63157642396942,1.0,3.150072795203111e-14,7.579122514774402e-15
Type 6,Instance 23,2.9345,30.0,624.9999999999911,234.9991313547517,198.1048678322573,1.0,3.221127068779121e-14,7.579122514774402e-15
Type 6,Instance 24,2.9345,30.0,624.9999999999893,263.19097531051364,355.0821807677272,1.0,3.221127068779121e-14,7.579122514774402e-15
Type 6,Instance 25,2.9345,30.0,624.9999999999891,267.3409753105135,350.9321807677271,1.0,3.031649005909761e-14,7.579122514774402e-15
Type 6,Instance 26,2.9345,30.0,624.9999999999911,239.1491313547516,193.9548678322572,1.0,3.126388037344441e-14,7.579122514774402e-15
Type 6,Instance 27,2.9345,30.0,624.9999999999973,52.05780328472058,164.48157642396933,1.0,3.126388037344441e-14,7.579122514774402e-15
Type 6,Instance 28,2.9345,30.0,624.9999999999961,113.56728100637159,49.792029422134206,1.0,3.173757553061781e-14,6.631732200427602e-15
Type 6,Instance 29,2.9345,30.0,624.9999999999868,387.7970358487472,146.54131208847883,1.0,3.031649005909761e-14,6.631732200427602e-15
Type 6,Instance 30,2.9345,30.0,624.9999999999941,153.9328757612094,151.02637817235507,1.0,3.126388037344441e-14,7.579122514774402e-15
Type 6,Instance 31,2.9345,30.0,624.9999999999925,162.90300792895528,342.60277232625583,1.0,3.031649005909761e-14,5.684341886080802e-15
Type 6,Instance 32,2.9345,30.0,624.9999999999957,65.51300153633622,322.0996130857069,1.0,3.173757553061781e-14,7.579122514774402e-15
Type 7,Instance 1,1.8385,30.0,25.000000000000036,199.25287895749534,90.32900554563183,1.0,0.0,0.0
Type 7,Instance 2,1.8385,30.0,25.000000000000036,105.06649119621288,210.1443423576033,1.0,0.0,0.0
Type 7,Instance 3,1.8385,30.0,25.000000000000036,134.53978260450538,290.87553186727393,1.0,0.0,0.0
Type 7,Instance 4,1.8385,30.0,25.000000000000036,209.50445857777095,240.258357492163,1.0,0.0,0.0
Type 7,Instance 5,1.8385,30.0,25.000000000000036,238.33702625979618,130.69460030046713,1.0,0.0,0.0
Type 7,Instance 6,1.8385,30.0,25.000000000000036,81.35971332432547,108.2692698811142,1.0,0.0,0.0
Type 7,Instance 7,1.8385,30.0,25.000000000000036,394.6736154689995,226.16243551428397,1.0,0.0,0.0
Type 7,Instance 8,1.8385,30.0,25.000000000000036,283.187687098502,75.59235984148562,1.0,0.0,0.0
Type 7,Instance 9,1.8385,30.0,25.000000000000036,296.00216162384663,329.3189554433076,1.0,0.0,0.0
Type 7,Instance 10,1.8385,30.0,25.000000000000036,238.33702625979618,302.40855894008405,1.0,0.0,0.0
Type 7,Instance 11,1.8385,30.0,25.000000000000036,240.9370262597962,299.808558940084,1.0,0.0,0.0
Type 7,Instance 12,1.8385,30.0,25.000000000000036,298.60216162384654,326.71895544330766,1.0,0.0,0.0
Type 7,Instance 13,1.8385,30.0,25.000000000000036,285.78768709850203,72.99235984148562,1.0,0.0,0.0
Type 7,Instance 14,1.8385,30.0,25.000000000000036,397.27361546899954,223.56243551428395,1.0,0.0,0.0
Type 7,Instance 15,1.8385,30.0,25.000000000000036,83.95971332432546,105.6692698811142,1.0,0.0,0.0
Type 7,Instance 16,1.8385,30.0,25.000000000000036,240.9370262597962,128.0946003004671,1.0,0.0,0.0
Type 7,Instance 17,1.8385,30.0,25.000000000000036,212.1044585777709,237.65835749216296,1.0,0.0,0.0
Type 7,Instance 18,1.8385,30.0,25.000000000000036,137.13978260450534,288.2755318672739,1.0,0.0,0.0
Type 7,Instance 19,1.8385,30.0,25.000000000000036,107.66649119621287,207.54434235760328,1.0,0.0,0.0
Type 7,Instance 20,1.8385,30.0,25.000000000000036,201.8528789574953,87.72900554563184,1.0,0.0,0.0
Type 7,Instance 21,1.8385,30.0,624.9999999999932,199.2528789575172,90.32900554563125,1.0,3.221127068779121e-14,7.579122514774402e-15
Type 7,Instance 22,1.8385,30.0,624.9999999999952,105.06649119623768,210.14434235760498,1.0,3.126388037344441e-14,5.684341886080802e-15
Type 7,Instance 23,1.8385,30.0,624.9999999999939,134.53978260453212,290.87553186727484,1.0,3.221127068779121e-14,5.684341886080802e-15
Type 7,Instance 24,1.8385,30.0,624.9999999999918,209.50445857779644,240.2583574921621,1.0,3.221127068779121e-14,5.684341886080802e-15
Type 7,Instance 25,1.8385,30.0,624.9999999999916,238.33702625981905,130.69460030046557,1.0,3.221127068779121e-14,5.684341886080802e-15
Type 7,Instance 26,1.8385,30.0,624.9999999999966,81.35971332434778,108.26926988111651,1.0,3.126388037344441e-14,7.579122514774402e-15
Type 7,Instance 27,1.8385,30.0,624.9999999999861,394.67361546902475,226.16243551427857,1.0,3.221127068779121e-14,7.579122514774402e-15
Type 7,Instance 28,1.8385,30.0,624.9999999999905,283.1876870985236,75.59235984148299,1.0,3.031649005909761e-14,7.579122514774402e-15
Type 7,Instance 29,1.8385,30.0,624.9999999999884,296.0021616238744,329.3189554433046,1.0,3.031649005909761e-14,5.684341886080802e-15
Type 7,Instance 30,1.8385,30.0,624.9999999999905,238.33702625982326,302.40855894008246,1.0,3.221127068779121e-14,5.684341886080802e-15
Type 7,Instance 31,1.8385,30.0,624.9999999999902,240.9370262598232,299.8085589400824,1.0,3.031649005909761e-14,7.579122514774402e-15
Type 7,Instance 32,1.8385,30.0,624.9999999999884,298.6021616238743,326.7189554433046,1.0,3.031649005909761e-14,7.579122514774402e-15
Type 7,Instance 33,1.8385,30.0,624.9999999999905,285.7876870985235,72.99235984148294,1.0,3.031649005909761e-14,7.105427357601002e-15
Type 7,Instance 34,1.8385,30.0,624.9999999999859,397.27361546902466,223.56243551427852,1.0,3.221127068779121e-14,5.684341886080802e-15
Type 7,Instance 35,1.8385,30.0,624.9999999999966,83.95971332434772,105.66926988111646,1.0,3.173757553061781e-14,7.105427357601002e-15
Type 7,Instance 36,1.8385,30.0,624.9999999999916,240.937026259819,128.09460030046552,1.0,3.031649005909761e-14,7.579122514774402e-15
Type 7,Instance 37,1.8385,30.0,624.9999999999916,212.10445857779638,237.65835749216205,1.0,3.031649005909761e-14,7.579122514774402e-15
Type 7,Instance 38,1.8385,30.0,624.9999999999936,137.13978260453206,288.2755318672748,1.0,3.031649005909761e-14,7.579122514774402e-15
Type 7,Instance 39,1.8385,30.0,624.9999999999952,107.66649119623762,207.54434235760493,1.0,3.173757553061781e-14,7.579122514774402e-15
Type 7,Instance 40,1.8385,30.0,624.999999999993,201.85287895751713,87.7290055456312,1.0,3.031649005909761e-14,7.105427357601002e-15
Type 8,Instance 1,9.0735,30.0,25.000000000000036,320.3827867241766,290.2378373999883,-1.0,0.0,0.0
Type 8,Instance 2,9.0735,30.0,25.000000000000036,291.7621626000117,278.3827867241766,-1.0,0.0,0.0
Type 8,Instance 3,9.0735,30.0,624.999999999988,320.38278672420336,290.2378373999847,-1.0,-3.031649005909761e-14,-7.579122514774402e-15
Type 8,Instance 4,9.0735,30.0,624.9999999999889,291.7621626000382,278.38278672417374,-1.0,-3.221127068779121e-14,-3.789561257387201e-15
Type 9,Instance 1,16.7656,30.0,25.000000000000036,323.8550506758117,128.1449493241884,-1.0,0.0,0.0
Type 9,Instance 2,16.7656,30.0,624.9999999999889,323.8550506758346,128.14494932418472,-1.0,-3.221127068779121e-14,-6.631732200427602e-15
Type 10,Instance 1,3.8268,30.0,25.000000000000036,13.464466094067227,383.53553390593277,-1.0,0.0,0.0
Type 10,Instance 2,3.8268,30.0,25.000000000000036,18.464466094067266,21.464466094067255,-1.0,0.0,0.0
Type 10,Instance 3,3.8268,30.0,25.000000000000036,490.53553390593265,388.53553390593277,-1.0,0.0,0.0
Type 10,Instance 4,3.8268,30.0,624.999999999997,13.464466094096268,383.53553390593663,-1.0,-3.138230416273776e-14,-7.579122514774402e-15
Type 10,Instance 5,3.8268,30.0,624.9999999999993,18.464466094087463,21.464466094071103,-1.0,-3.150072795203111e-14,-6.868579779014302e-15
Type 10,Instance 6,3.8268,30.0,624.9999999999818,490.5355339059619,388.535533905925,-1.0,-3.031649005909761e-14,-7.579122514774402e-15
Type 11,Instance 1,1.9509,30.0,25.000000000000036,496.61939766255637,207.22871846190554,-1.0,0.0,0.0
Type 11,Instance 2,1.9509,30.0,25.000000000000036,313.30681544402734,21.845068431510857,-1.0,0.0,0.0
Type 11,Instance 3,1.9509,30.0,624.999999999983,496.61939766258115,207.22871846189764,-1.0,-3.031649005909761e-14,-6.631732200427602e-15
Type 11,Instance 4,1.9509,30.0,624.99999999999,313.30681544404763,21.845068431507496,-1.0,-3.221127068779121e-14,-6.868579779014302e-15
Type 12,Instance 1,2.9698,20.0,627.0999999999999,245.76,10.0,0.0,0.0,-1.0
Type 12,Instance 2,2.9698,20.0,627.0999999999999,79.9,10.0,0.0,0.0,-1.0
Type 12,Instance 3,2.9698,20.0,27.099999999999998,79.89999999999998,10.0,0.0,0.0,-1.0
Type 12,Instance 4,2.9698,20.0,27.100000000000005,245.76,10.0,0.0,0.0,-1.0
Type 12,Instance 5,2.9698,20.0,22.899999999999995,249.95999999999998,10.0,0.0,0.0,-1.0
Type 12,Instance 6,2.9698,20.0,22.900000000000002,84.1,10.0,0.0,0.0,-1.0
Type 12,Instance 7,2.9698,20.0,622.9000000000001,84.09999999999997,10.0,0.0,0.0,-1.0
Type 12,Instance 8,2.9698,20.0,622.9000000000001,249.95999999999998,10.0,0.0,0.0,-1.0
Type 12,Instance 9,2.9698,20.0,622.9000000000001,410.08445987643313,103.94232425270224,0.0,0.7071067811865478,-0.7071067811865471
Type 12,Instance 10,2.9698,20.0,22.90000000000001,410.08445987643313,103.94232425270229,0.0,0.7071067811865478,-0.7071067811865471
Type 12,Instance 11,2.9698,20.0,27.10000000000001,413.05430835741663,106.9121727336858,-1.776356839400251e-16,0.7071067811865478,-0.7071067811865471
Type 12,Instance 12,2.9698,20.0,627.0999999999999,413.05430835741663,106.91217273368571,0.0,0.7071067811865476,-0.7071067811865476
Type 12,Instance 13,2.9698,20.0,22.899999999999892,507.0,297.9,0.0,1.0,0.0
Type 12,Instance 14,2.9698,20.0,622.8999999999999,507.0,297.9,0.0,1.0,0.0
Type 12,Instance 15,2.9698,20.0,627.0999999999999,507.0,302.1,0.0,1.0,0.0
Type 12,Instance 16,2.9698,20.0,27.099999999999888,507.0,302.1,0.0,1.0,0.0
Type 13,Instance 1,1.4142,20.0,151.70944314441272,262.1270659804535,10.0,0.0,0.0,1.0
Type 13,Instance 2,1.4142,20.0,87.69635087395733,197.43298336669545,10.0,0.0,0.0,1.0
Type 13,Instance 3,1.4142,20.0,296.76038626789125,181.08921512743024,10.0,0.0,0.0,1.0
Type 13,Instance 4,1.4142,20.0,345.79169098568684,276.42786318981047,10.0,0.0,0.0,1.0
Type 13,Instance 5,1.4142,20.0,534.4260160805392,161.34049517165144,10.0,0.0,0.0,1.0
Type 13,Instance 6,1.4142,20.0,441.8113293913698,52.382040243216835,10.0,0.0,0.0,1.0
Type 13,Instance 7,1.4142,20.0,443.8113293913698,54.382040243216835,10.0,0.0,0.0,1.0
Type 13,Instance 8,1.4142,20.0,536.4260160805392,163.34049517165144,10.0,0.0,0.0,1.0
Type 13,Instance 9,1.4142,20.0,347.79169098568684,278.42786318981047,10.0,0.0,0.0,1.0
Type 13,Instance 10,1.4142,20.0,298.76038626789125,183.08921512743024,10.0,0.0,0.0,1.0
Type 13,Instance 11,1.4142,20.0,89.69635087395733,199.43298336669545,10.0,0.0,0.0,1.0
Type 13,Instance 12,1.4142,20.0,153.70944314441272,264.1270659804535,10.0,0.0,0.0,1.0
Type 13,Instance 13,1.4142,20.0,89.05833156056286,362.2080271131835,56.06589148945261,0.0,0.7071067811865476,-0.7071067811865476
Type 13,Instance 14,1.4142,20.0,254.5389849831229,454.66234193018937,148.52020630645853,0.0,0.7071067811865476,-0.7071067811865476
Type 13,Instance 15,1.4142,20.0,395.50398604678514,385.32160581743494,79.17947019370405,0.0,0.7071067811865476,-0.7071067811865476
Type 13,Instance 16,1.4142,20.0,543.9598808867772,392.5445991625135,86.40246353878261,0.0,0.7071067811865483,-0.7071067811865469
Type 13,Instance 17,1.4142,20.0,533.7450257372365,465.25606550297124,159.1139298792404,0.0,0.7071067811865476,-0.7071067811865476
Type 13,Instance 18,1.4142,20.0,277.0116663121125,385.32160581743494,79.17947019370405,0.0,0.7071067811865476,-0.7071067811865476
Type 13,Instance 19,1.4142,20.0,101.99714808331441,432.51182900528175,126.36969338155087,0.0,0.7071067811865483,-0.7071067811865469
Type 13,Instance 20,1.4142,20.0,428.1915225253154,349.20663909204205,43.0645034683111,0.0,0.7071067811865476,-0.7071067811865476
Type 13,Instance 21,1.4142,20.0,423.4245901221965,423.8442369911874,117.7021013674565,0.0,0.7071067811865483,-0.7071067811865469
Type 13,Instance 22,1.4142,20.0,196.65480580239202,367.9864217892464,61.844286165515456,0.0,0.7071067811865476,-0.7071067811865476
Type 13,Instance 23,1.4142,20.0,198.65480580239202,369.4006353516195,63.25849972788856,0.0,0.7071067811865476,-0.7071067811865476
Type 13,Instance 24,1.4142,20.0,425.4245901221965,425.2584505535605,119.1163149298296,0.0,0.7071067811865476,-0.7071067811865476
Type 13,Instance 25,1.4142,20.0,430.1915225253154,350.62085265441516,44.4787170306842,0.0,0.7071067811865478,-0.7071067811865471
Type 13,Instance 26,1.4142,20.0,103.99714808331441,433.92604256765486,127.78390694392397,0.0,0.7071067811865476,-0.7071067811865476
Type 13,Instance 27,1.4142,20.0,279.0116663121125,386.73581937980805,80.59368375607716,0.0,0.7071067811865476,-0.7071067811865476
Type 13,Instance 28,1.4142,20.0,535.7450257372365,466.67027906534435,160.5281434416135,0.0,0.7071067811865476,-0.7071067811865476
Type 13,Instance 29,1.4142,20.0,545.9598808867772,393.9588127248866,87.8166771011557,0.0,0.7071067811865476,-0.7071067811865476
Type 13,Instance 30,1.4142,20.0,397.50398604678514,386.73581937980805,80.59368375607716,0.0,0.7071067811865476,-0.7071067811865476
Type 13,Instance 31,1.4142,20.0,256.53898498312293,456.0765554925625,149.93441986883164,0.0,0.7071067811865476,-0.7071067811865476
Type 13,Instance 32,1.4142,20.0,91.05833156056286,363.6222406755566,57.48010505182571,0.0,0.7071067811865478,-0.7071067811865471
Type 13,Instance 33,1.4142,20.0,177.58707618991576,507.0,341.34704130687896,0.0,1.0,0.0
Type 13,Instance 34,1.4142,20.0,150.34746245780715,507.0,289.5917752158725,0.0,1.0,0.0
Type 13,Instance 35,1.4142,20.0,352.60159441871383,507.0,354.2858578296306,0.0,1.0,0.0
Type 13,Instance 36,1.4142,20.0,402.3138894798122,507.0,267.11909388688287,0.0,1.0,0.0
Type 13,Instance 37,1.4142,20.0,539.1929484836581,507.0,312.74544688816485,0.0,1.0,0.0
Type 13,Instance 38,1.4142,20.0,86.0078360424778,507.0,312.74544688816485,0.0,1.0,0.0
Type 13,Instance 39,1.4142,20.0,88.0078360424778,507.0,314.74544688816485,0.0,1.0,0.0
Type 13,Instance 40,1.4142,20.0,541.1929484836581,507.0,314.74544688816485,0.0,1.0,0.0
Type 13,Instance 41,1.4142,20.0,404.3138894798122,507.0,269.11909388688287,0.0,1.0,0.0
Type 13,Instance 42,1.4142,20.0,354.60159441871383,507.0,356.2858578296306,0.0,1.0,0.0
Type 13,Instance 43,1.4142,20.0,152.34746245780715,507.0,291.5917752158725,0.0,1.0,0.0
Type 13,Instance 44,1.4142,20.0,179.58707618991576,507.0,343.34704130687896,0.0,1.0,0.0
Type 14,Instance 1,2.4749,20.0,106.01408048643349,54.35600161642774,10.0,0.0,0.0,1.0
Type 14,Instance 2,2.4749,20.0,222.46342919119792,140.16078487256996,10.0,0.0,0.0,1.0
Type 14,Instance 3,2.4749,20.0,244.25512017688482,249.80023014430728,10.0,0.0,0.0,1.0
Type 14,Instance 4,2.4749,20.0,485.3257017060464,106.11126770743412,10.0,0.0,0.0,1.0
Type 14,Instance 5,2.4749,20.0,380.4531888374281,161.2714855149542,10.0,0.0,0.0,1.0
Type 14,Instance 6,2.4749,20.0,575.8974173653077,260.0150852938481,10.0,0.0,0.0,1.0
Type 14,Instance 7,2.4749,20.0,601.0940600675083,65.25184710927121,10.0,0.0,0.0,1.0
Type 14,Instance 8,2.4749,20.0,604.5940600675083,68.75184710927115,10.0,0.0,0.0,1.0
Type 14,Instance 9,2.4749,20.0,579.3974173653077,263.51508529384796,10.0,0.0,0.0,1.0
Type 14,Instance 10,2.4749,20.0,383.9531888374281,164.7714855149542,10.0,0.0,0.0,1.0
Type 14,Instance 11,2.4749,20.0,488.8257017060464,109.61126770743412,10.0,0.0,0.0,1.0
Type 14,Instance 12,2.4749,20.0,247.75512017688482,253.30023014430728,10.0,0.0,0.0,1.0
Type 14,Instance 13,2.4749,20.0,225.96342919119792,143.66078487256996,10.0,0.0,0.0,1.0
Type 14,Instance 14,2.4749,20.0,109.51408048643349,57.85600161642774,10.0,0.0,0.0,1.0
Type 14,Instance 15,2.4749,20.0,127.12478112881766,397.3111308630146,91.1689952392837,0.0,0.7071067811865476,-0.7071067811865476
Type 14,Instance 16,2.4749,20.0,75.36951503781125,468.57799853445664,162.43586291072586,0.0,0.7071067811865483,-0.7071067811865469
Type 14,Instance 17,2.4749,20.0,323.93099034330265,424.2769726846413,118.13483706091046,0.0,0.7071067811865478,-0.7071067811865471
Type 14,Instance 18,2.4749,20.0,338.9127778959624,352.0470392338555,45.904903610124535,0.0,0.7071067811865477,-0.7071067811865474
Type 14,Instance 19,2.4749,20.0,500.30748925870625,413.6832491118594,107.5411134881285,0.0,0.7071067811865478,-0.7071067811865471
Type 14,Instance 20,2.4749,20.0,568.4065235889777,361.1961641376217,55.05402851389073,0.0,0.7071067811865477,-0.7071067811865474
Type 14,Instance 21,2.4749,20.0,586.793262858151,460.3919394100342,154.24980378630335,0.0,0.7071067811865476,-0.7071067811865476
Type 14,Instance 22,2.4749,20.0,590.293262858151,462.86681314418706,156.72467752045623,0.0,0.7071067811865476,-0.7071067811865476
Type 14,Instance 23,2.4749,20.0,571.9065235889777,363.67103787177456,57.52890224804361,0.0,0.7071067811865476,-0.7071067811865476
Type 14,Instance 24,2.4749,20.0,503.80748925870614,416.1581228460123,110.01598722228138,0.0,0.7071067811865478,-0.7071067811865471
Type 14,Instance 25,2.4749,20.0,342.4127778959624,354.5219129680084,48.37977734427746,0.0,0.7071067811865477,-0.7071067811865474
Type 14,Instance 26,2.4749,20.0,327.43099034330265,426.7518464187943,120.60971079506336,0.0,0.7071067811865476,-0.7071067811865476
Type 14,Instance 27,2.4749,20.0,78.86951503781125,471.0528722686095,164.91073664487874,0.0,0.7071067811865476,-0.7071067811865476
Type 14,Instance 28,2.4749,20.0,130.62478112881766,399.7860045971675,93.64386897343664,0.0,0.7071067811865478,-0.7071067811865471
Type 14,Instance 29,2.4749,20.0,191.13787339927282,507.0,277.94592972302905,0.0,1.0,0.0
Type 14,Instance 30,2.4749,20.0,82.17941847083823,507.0,341.2780316501817,0.0,1.0,0.0
Type 14,Instance 31,2.4749,20.0,389.30606330036323,507.0,306.5475241417431,0.0,1.0,0.0
Type 14,Instance 32,2.4749,20.0,575.8974173653075,507.0,260.9211711404612,0.0,1.0,0.0
Type 14,Instance 33,2.4749,20.0,477.83480792971636,507.0,335.1491185604572,0.0,1.0,0.0
Type 14,Instance 34,2.4749,20.0,481.33480792971636,507.0,338.6491185604572,0.0,1.0,0.0
Type 14,Instance 35,2.4749,20.0,579.3974173653075,507.0,264.42117114046107,0.0,1.0,0.0
Type 14,Instance 36,2.4749,20.0,392.80606330036323,507.0,310.0475241417431,0.0,1.0,0.0
Type 14,Instance 37,2.4749,20.0,85.67941847083823,507.0,344.7780316501817,0.0,1.0,0.0
Type 14,Instance 38,2.4749,20.0,194.63787339927282,507.0,281.44592972302905,0.0,1.0,0.0
Type 15,Instance 1,3.8891,20.0,51.89683370882156,254.248152890729,10.0,0.0,0.0,1.0
Type 15,Instance 2,3.8891,20.0,527.9090836774202,90.81047049807715,10.0,0.0,0.0,1.0
Type 15,Instance 3,3.8891,20.0,507.47937337833866,216.7936840090796,10.0,0.0,0.0,1.0
Type 15,Instance 4,3.8891,20.0,241.8931394902794,72.42373122890379,10.0,0.0,0.0,1.0
Type 15,Instance 5,3.8891,20.0,179.24202790642954,197.72595439660358,10.0,0.0,0.0,1.0
Type 15,Instance 6,3.8891,20.0,348.8086233888058,216.79368400907964,10.0,0.0,0.0,1.0
Type 15,Instance 7,3.8891,20.0,367.87635300128187,80.59561534853638,10.0,0.0,0.0,1.0
Type 15,Instance 8,3.8891,20.0,73.68852469450852,134.39385246945096,10.0,0.0,0.0,1.0
Type 15,Instance 9,3.8891,20.0,447.55222316769976,154.82356276853244,10.0,0.0,0.0,1.0
Type 15,Instance 10,3.8891,20.0,447.55222316769976,272.63489215990234,10.0,0.0,0.0,1.0
Type 15,Instance 11,3.8891,20.0,453.05222316769976,278.13489215990234,10.0,0.0,0.0,1.0
Type 15,Instance 12,3.8891,20.0,453.05222316769976,160.32356276853244,10.0,0.0,0.0,1.0
Type 15,Instance 13,3.8891,20.0,79.18852469450852,139.89385246945096,10.0,0.0,0.0,1.0
Type 15,Instance 14,3.8891,20.0,373.37635300128187,86.09561534853638,10.0,0.0,0.0,1.0
Type 15,Instance 15,3.8891,20.0,354.3086233888058,222.29368400907964,10.0,0.0,0.0,1.0
Type 15,Instance 16,3.8891,20.0,184.74202790642954,203.22595439660358,10.0,0.0,0.0,1.0
Type 15,Instance 17,3.8891,20.0,247.3931394902794,77.92373122890379,10.0,0.0,0.0,1.0
Type 15,Instance 18,3.8891,20.0,512.9793733783388,222.29368400907967,10.0,0.0,0.0,1.0
Type 15,Instance 19,3.8891,20.0,533.4090836774202,96.3104704980771,10.0,0.0,0.0,1.0
Type 15,Instance 20,3.8891,20.0,57.39683370882156,259.748152890729,10.0,0.0,0.0,1.0
Type 15,Instance 21,3.8891,20.0,207.16263198184086,416.82840544804816,110.68626982431724,0.0,0.7071067811865478,-0.7071067811865471
Type 15,Instance 22,3.8891,20.0,423.0365708088019,469.7970233119577,163.65488768822684,0.0,0.7071067811865489,-0.707106781186546
Type 15,Instance 23,3.8891,20.0,487.04966307925724,361.93365602545083,55.79152040171992,0.0,0.7071067811865476,-0.7071067811865476
Type 15,Instance 24,3.8891,20.0,306.5872221040375,469.7970233119577,163.65488768822684,0.0,0.7071067811865489,-0.707106781186546
Type 15,Instance 25,3.8891,20.0,160.85528863725622,466.4262930842544,160.28415746052355,0.0,0.7071067811865476,-0.7071067811865476
Type 15,Instance 26,3.8891,20.0,156.76934657743982,343.15387332824656,37.011737704515625,0.0,0.7071067811865477,-0.7071067811865474
Type 15,Instance 27,3.8891,20.0,273.2186952822043,343.15387332824656,37.011737704515625,0.0,0.7071067811865477,-0.7071067811865474
Type 15,Instance 28,3.8891,20.0,586.4742532014537,413.93920811001664,107.79707248628574,0.0,0.7071067811865476,-0.7071067811865476
Type 15,Instance 29,3.8891,20.0,591.9742532014537,417.8282954065426,111.68615978281173,0.0,0.7071067811865476,-0.7071067811865476
Type 15,Instance 30,3.8891,20.0,278.7186952822043,347.04296062477255,40.90082500104164,0.0,0.7071067811865476,-0.7071067811865476
Type 15,Instance 31,3.8891,20.0,162.26934657743982,347.04296062477255,40.90082500104164,0.0,0.7071067811865476,-0.7071067811865476
Type 15,Instance 32,3.8891,20.0,166.35528863725622,470.31538038078037,164.17324475704953,0.0,0.7071067811865476,-0.7071067811865476
Type 15,Instance 33,3.8891,20.0,312.0872221040375,473.68611060848366,167.54397498475288,0.0,0.7071067811865476,-0.7071067811865476
Type 15,Instance 34,3.8891,20.0,492.54966307925724,365.8227433219768,59.680607698245936,0.0,0.7071067811865476,-0.7071067811865476
Type 15,Instance 35,3.8891,20.0,428.5365708088019,473.68611060848366,167.54397498475282,0.0,0.7071067811865476,-0.7071067811865476
Type 15,Instance 36,3.8891,20.0,212.66263198184086,420.71749274457414,114.57535712084326,0.0,0.7071067811865476,-0.7071067811865476
Type 15,Instance 37,3.8891,20.0,69.60258263469208,507.0,280.35088143954266,0.0,1.0,0.0
Type 15,Instance 38,3.8891,20.0,258.91789807284715,507.0,328.7011958140355,0.0,1.0,0.0
Type 15,Instance 39,3.8891,20.0,485.006692049349,507.0,276.26493937972634,0.0,1.0,0.0
Type 15,Instance 40,3.8891,20.0,564.6825622157668,507.0,328.7011958140355,0.0,1.0,0.0
Type 15,Instance 41,3.8891,20.0,289.56246352146945,507.0,280.35088143954266,0.0,1.0,0.0
Type 15,Instance 42,3.8891,20.0,295.06246352146945,507.0,285.85088143954266,0.0,1.0,0.0
Type 15,Instance 43,3.8891,20.0,570.1825622157668,507.0,334.2011958140355,0.0,1.0,0.0
Type 15,Instance 44,3.8891,20.0,490.506692049349,507.0,281.76493937972634,0.0,1.0,0.0
Type 15,Instance 45,3.8891,20.0,264.41789807284715,507.0,334.2011958140355,0.0,1.0,0.0
Type 15,Instance 46,3.8891,20.0,75.10258263469206,507.0,285.85088143954266,0.0,1.0,0.0
Type 16,Instance 1,3.8268,20.0,648.5355339059328,18.46446609406726,10.0,0.0,0.0,-1.0
Type 16,Instance 2,3.8268,20.0,643.5355339059328,310.53553390593277,10.0,0.0,0.0,-1.0
Type 16,Instance 3,3.8268,20.0,6.464466094067264,13.464466094067262,10.0,0.0,0.0,-1.0
Type 16,Instance 4,3.8268,20.0,1.4644660940672622,305.53553390593277,10.0,0.0,0.0,-1.0
Type 16,Instance 5,3.8268,20.0,1.464466094067284,496.5710678118653,190.42893218813452,-8.881784197001253e-17,0.7071067811865476,-0.7071067811865476
Type 16,Instance 6,3.8268,20.0,648.5355339059328,496.5710678118653,190.42893218813444,0.0,-0.7071067811865476,0.7071067811865476
Type 16,Instance 7,3.8268,20.0,648.5355339059328,326.56770042198445,20.425564798253497,0.0,0.7071067811865477,-0.7071067811865474
Type 16,Instance 8,3.8268,20.0,1.4644660940672418,326.5677004219845,20.425564798253586,8.881784197001254e-17,-0.7071067811865477,0.7071067811865474
Type 16,Instance 9,3.8268,20.0,1.4644660940671437,507.0,226.46446609406726,0.0,-1.0,0.0
Type 16,Instance 10,3.8268,20.0,1.4644660940671512,507.0,373.53553390593277,0.0,1.0,0.0
Type 16,Instance 11,3.8268,20.0,648.5355339059327,507.0,226.46446609406726,0.0,1.0,0.0
Type 16,Instance 12,3.8268,20.0,648.5355339059327,507.0,373.53553390593277,0.0,-1.0,0.0
