Type,Instance,Radii,Lengths,PosX,PosY,PosZ,DirX,DirY,DirZ
Type 1,Instance 1,[2.97],[12.0],622.9000000000001,12.0,327.1,0.0,-1.0,0.0
Type 1,Instance 2,[2.97],[12.0],22.900000000000087,12.0,327.1,0.0,-1.0,0.0
Type 1,Instance 3,[2.97],[12.0],622.9000000000001,12.0,77.1,0.0,-1.0,0.0
Type 1,Instance 4,[2.97],[12.0],22.90000000000008,12.0,77.1,0.0,-1.0,0.0
Type 1,Instance 5,[2.97],[12.0],27.100000000000076,12.0,72.9,0.0,-1.0,0.0
Type 1,Instance 6,[2.97],[12.0],627.0999999999999,12.0,72.9,0.0,-1.0,0.0
Type 1,Instance 7,[2.97],[12.0],27.10000000000007,12.0,322.9,0.0,-1.0,0.0
Type 1,Instance 8,[2.97],[12.0],627.0999999999999,12.0,322.9,0.0,-1.0,0.0
Type 2,Instance 1,[5.763],[12.0],120.92500000000001,0.0,120.92499999999998,0.0,1.0,0.0
Type 2,Instance 2,[5.763],[12.0],170.92500000000007,0.0,120.92499999999998,0.0,1.0,0.0
Type 2,Instance 3,[5.763],[12.0],220.925,0.0,120.92499999999998,0.0,1.0,0.0
Type 2,Instance 4,[5.763],[12.0],270.92499999999995,0.0,120.92499999999998,0.0,1.0,0.0
Type 2,Instance 5,[5.763],[12.0],320.92500000000007,0.0,120.92499999999998,0.0,1.0,0.0
Type 2,Instance 6,[5.763],[12.0],370.92499999999995,0.0,120.92499999999998,0.0,1.0,0.0
Type 2,Instance 7,[5.763],[12.0],420.92500000000007,0.0,120.92499999999998,0.0,1.0,0.0
Type 2,Instance 8,[5.763],[12.0],470.92500000000007,0.0,120.92499999999998,0.0,1.0,0.0
Type 2,Instance 9,[5.763],[12.0],520.925,0.0,120.92499999999998,0.0,1.0,0.0
Type 2,Instance 10,[5.763],[12.0],120.92500000000001,0.0,170.925,0.0,1.0,0.0
Type 2,Instance 11,[5.763],[12.0],170.92500000000007,0.0,170.925,0.0,1.0,0.0
Type 2,Instance 12,[5.763],[12.0],220.925,0.0,170.925,0.0,1.0,0.0
Type 2,Instance 13,[5.763],[12.0],270.92499999999995,0.0,170.925,0.0,1.0,0.0
Type 2,Instance 14,[5.763],[12.0],320.92500000000007,0.0,170.925,0.0,1.0,0.0
Type 2,Instance 15,[5.763],[12.0],370.92499999999995,0.0,170.925,0.0,1.0,0.0
Type 2,Instance 16,[5.763],[12.0],420.92500000000007,0.0,170.925,0.0,1.0,0.0
Type 2,Instance 17,[5.763],[12.0],470.92500000000007,0.0,170.925,0.0,1.0,0.0
Type 2,Instance 18,[5.763],[12.0],520.925,0.0,170.925,0.0,1.0,0.0
Type 2,Instance 19,[5.763],[12.0],120.92500000000001,0.0,220.925,0.0,1.0,0.0
Type 2,Instance 20,[5.763],[12.0],170.92500000000007,0.0,220.925,0.0,1.0,0.0
Type 2,Instance 21,[5.763],[12.0],220.925,0.0,220.925,0.0,1.0,0.0
Type 2,Instance 22,[5.763],[12.0],270.92499999999995,0.0,220.925,0.0,1.0,0.0
Type 2,Instance 23,[5.763],[12.0],320.92500000000007,0.0,220.925,0.0,1.0,0.0
Type 2,Instance 24,[5.763],[12.0],370.92499999999995,0.0,220.925,0.0,1.0,0.0
Type 2,Instance 25,[5.763],[12.0],420.92500000000007,0.0,220.925,0.0,1.0,0.0
Type 2,Instance 26,[5.763],[12.0],470.92500000000007,0.0,220.925,0.0,1.0,0.0
Type 2,Instance 27,[5.763],[12.0],520.925,0.0,220.925,0.0,1.0,0.0
Type 2,Instance 28,[5.763],[12.0],170.92500000000007,0.0,270.925,0.0,1.0,0.0
Type 2,Instance 29,[5.763],[12.0],120.92500000000004,0.0,270.925,0.0,1.0,0.0
Type 2,Instance 30,[5.763],[12.0],220.925,0.0,270.925,0.0,1.0,0.0
Type 2,Instance 31,[5.763],[12.0],270.92500000000007,0.0,270.925,0.0,1.0,0.0
Type 2,Instance 32,[5.763],[12.0],320.92500000000007,0.0,270.925,0.0,1.0,0.0
Type 2,Instance 33,[5.763],[12.0],370.92500000000007,0.0,270.925,0.0,1.0,0.0
Type 2,Instance 34,[5.763],[12.0],420.9250000000001,0.0,270.925,0.0,1.0,0.0
Type 2,Instance 35,[5.763],[12.0],470.9250000000001,0.0,270.925,0.0,1.0,0.0
Type 2,Instance 36,[5.763],[12.0],520.9250000000002,0.0,270.925,0.0,1.0,0.0
Type 2,Instance 37,[5.763],[12.0],529.075,0.0,279.075,0.0,1.0,0.0
Type 2,Instance 38,[5.763],[12.0],479.0750000000001,0.0,279.075,0.0,1.0,0.0
Type 2,Instance 39,[5.763],[12.0],429.0750000000001,0.0,279.075,0.0,1.0,0.0
Type 2,Instance 40,[5.763],[12.0],379.07500000000005,0.0,279.075,0.0,1.0,0.0
Type 2,Instance 41,[5.763],[12.0],329.07500000000005,0.0,279.075,0.0,1.0,0.0
Type 2,Instance 42,[5.763],[12.0],279.07500000000005,0.0,279.075,0.0,1.0,0.0
Type 2,Instance 43,[5.763],[12.0],229.07500000000005,0.0,279.075,0.0,1.0,0.0
Type 2,Instance 44,[5.763],[12.0],129.07500000000005,0.0,279.075,0.0,1.0,0.0
Type 2,Instance 45,[5.763],[12.0],179.07500000000005,0.0,279.075,0.0,1.0,0.0
Type 2,Instance 46,[5.763],[12.0],529.075,0.0,229.07500000000005,0.0,1.0,0.0
Type 2,Instance 47,[5.763],[12.0],479.07500000000016,0.0,229.07500000000005,0.0,1.0,0.0
Type 2,Instance 48,[5.763],[12.0],429.07500000000005,0.0,229.07500000000005,0.0,1.0,0.0
Type 2,Instance 49,[5.763],[12.0],379.07500000000005,0.0,229.07500000000005,0.0,1.0,0.0
Type 2,Instance 50,[5.763],[12.0],329.07500000000005,0.0,229.07500000000005,0.0,1.0,0.0
Type 2,Instance 51,[5.763],[12.0],279.07500000000005,0.0,229.07500000000005,0.0,1.0,0.0
Type 2,Instance 52,[5.763],[12.0],229.07500000000005,0.0,229.07500000000005,0.0,1.0,0.0
Type 2,Instance 53,[5.763],[12.0],179.07500000000005,0.0,229.07500000000005,0.0,1.0,0.0
Type 2,Instance 54,[5.763],[12.0],129.07500000000005,0.0,229.07500000000005,0.0,1.0,0.0
Type 2,Instance 55,[5.763],[12.0],529.075,0.0,179.07500000000005,0.0,1.0,0.0
Type 2,Instance 56,[5.763],[12.0],479.07500000000016,0.0,179.07500000000005,0.0,1.0,0.0
Type 2,Instance 57,[5.763],[12.0],429.07500000000005,0.0,179.07500000000005,0.0,1.0,0.0
Type 2,Instance 58,[5.763],[12.0],379.07500000000005,0.0,179.07500000000005,0.0,1.0,0.0
Type 2,Instance 59,[5.763],[12.0],329.07500000000005,0.0,179.07500000000005,0.0,1.0,0.0
Type 2,Instance 60,[5.763],[12.0],279.07500000000005,0.0,179.07500000000005,0.0,1.0,0.0
Type 2,Instance 61,[5.763],[12.0],229.07500000000005,0.0,179.07500000000005,0.0,1.0,0.0
Type 2,Instance 62,[5.763],[12.0],179.07500000000005,0.0,179.07500000000005,0.0,1.0,0.0
Type 2,Instance 63,[5.763],[12.0],129.07500000000005,0.0,179.07500000000005,0.0,1.0,0.0
Type 2,Instance 64,[5.763],[12.0],529.075,0.0,129.075,0.0,1.0,0.0
Type 2,Instance 65,[5.763],[12.0],479.07500000000016,0.0,129.075,0.0,1.0,0.0
Type 2,Instance 66,[5.763],[12.0],429.07500000000005,0.0,129.075,0.0,1.0,0.0
Type 2,Instance 67,[5.763],[12.0],379.07500000000005,0.0,129.075,0.0,1.0,0.0
Type 2,Instance 68,[5.763],[12.0],329.07500000000005,0.0,129.075,0.0,1.0,0.0
Type 2,Instance 69,[5.763],[12.0],279.07500000000005,0.0,129.075,0.0,1.0,0.0
Type 2,Instance 70,[5.763],[12.0],229.07500000000005,0.0,129.075,0.0,1.0,0.0
Type 2,Instance 71,[5.763],[12.0],179.07500000000005,0.0,129.075,0.0,1.0,0.0
Type 2,Instance 72,[5.763],[12.0],129.07500000000005,0.0,129.075,0.0,1.0,0.0
Type 3,Instance 1,[3.827],[12.0],1.4644660940672631,12.0,6.464466094067264,0.0,-1.0,0.0
Type 3,Instance 2,[3.827],[12.0],643.5355339059327,12.0,1.4644660940672622,0.0,-1.0,0.0
Type 3,Instance 3,[3.827],[12.0],648.5355339059328,12.0,393.53553390593277,0.0,-1.0,0.0
Type 3,Instance 4,[3.827],[12.0],6.464466094067308,12.0,398.53553390593277,0.0,-1.0,0.0
Type 4,Instance 1,[2.404],[25.0],26.700000000000035,80.3,45.0,0.0,0.0,-1.0
Type 4,Instance 2,[2.404],[25.0],26.70000000000002,246.15786437626915,45.0,0.0,0.0,-1.0
Type 4,Instance 3,[2.404],[25.0],23.30000000000004,471.9999999999999,301.7,0.0,1.0,0.0
Type 4,Instance 4,[2.404],[25.0],23.300000000000075,385.6202489423192,128.9755880016466,0.0,0.707106781186547,-0.7071067811865481
Type 4,Instance 5,[2.404],[25.0],26.700000000000085,36.999999999999964,76.70000000000002,0.0,-1.0,0.0
Type 4,Instance 6,[2.404],[25.0],26.70000000000004,36.999999999999964,326.7,0.0,-1.0,0.0
Type 4,Instance 7,[2.404],[25.0],23.300000000000047,36.999999999999964,323.3,0.0,-1.0,0.0
Type 4,Instance 8,[2.404],[25.0],23.30000000000007,36.999999999999964,73.29999999999998,0.0,-1.0,0.0
Type 4,Instance 9,[2.404],[25.0],26.700000000000053,388.02441199835346,131.37975105768083,0.0,0.7071067811865481,-0.707106781186547
Type 4,Instance 10,[2.404],[25.0],26.70000000000003,471.9999999999999,298.3,0.0,1.0,0.0
Type 4,Instance 11,[2.404],[25.0],23.300000000000036,249.55786437626912,45.0,0.0,0.0,-1.0
Type 4,Instance 12,[2.404],[25.0],23.300000000000036,83.7,45.0,0.0,0.0,-1.0
Type 4,Instance 13,[2.404],[25.0],626.6999999999971,80.30000000002083,45.00000000000233,9.09494701772928e-15,-2.444267011014744e-14,-1.0
Type 4,Instance 14,[2.404],[25.0],626.6999999999919,246.15786437628995,44.999999999998295,9.09494701772928e-15,-2.387423592153936e-14,-1.0
Type 4,Instance 15,[2.404],[25.0],623.2999999999831,472.00000000002683,301.69999999999266,-3.6379788070916966e-14,1.0,-2.2737367544323103e-14
Type 4,Instance 16,[2.404],[25.0],623.299999999987,385.62024894234196,128.97558800164143,-1.818989403545846e-14,0.707106781186531,-0.707106781186564
Type 4,Instance 17,[2.404],[25.0],626.6999999999982,37.00000000002156,76.7000000000034,3.637978807091713e-14,-1.0,2.3874235921539365e-14
Type 4,Instance 18,[2.404],[25.0],626.6999999999966,37.00000000002767,326.7000000000034,2.7284841053187846e-14,-1.0,2.2737367544323207e-14
Type 4,Instance 19,[2.404],[25.0],623.2999999999965,37.000000000027484,323.30000000000337,3.6379788070917124e-14,-1.0,2.5011104298755524e-14
Type 4,Instance 20,[2.404],[25.0],623.2999999999984,37.00000000002137,73.30000000000334,2.7284841053187843e-14,-1.0,2.5011104298755524e-14
Type 4,Instance 21,[2.404],[25.0],626.6999999999869,388.0244119983764,131.37975105767563,-1.8189894035458505e-14,0.7071067811865305,-0.7071067811865646
Type 4,Instance 22,[2.404],[25.0],626.699999999983,472.00000000002694,298.2999999999927,-2.7284841053187846e-14,1.0,-2.2737367544323207e-14
Type 4,Instance 23,[2.404],[25.0],623.2999999999918,249.55786437628984,44.99999999999818,9.094947017729286e-15,-2.5011104298755533e-14,-1.0
Type 4,Instance 24,[2.404],[25.0],623.299999999997,83.70000000002072,45.00000000000222,9.094947017729286e-15,-2.4442670110147452e-14,-1.0
Type 5,Instance 1,[4.419],[30.0],10.000000000000036,162.828797739065,229.26888296681852,1.0,0.0,0.0
Type 5,Instance 2,[4.419],[30.0],10.000000000000036,58.43639320923947,67.80650394747714,1.0,0.0,0.0
Type 5,Instance 3,[4.419],[30.0],10.000000000000036,88.50484549206664,264.508687911516,1.0,0.0,0.0
Type 5,Instance 4,[4.419],[30.0],10.000000000000036,431.9327627713004,203.6399339161294,1.0,0.0,0.0
Type 5,Instance 5,[4.419],[30.0],10.000000000000036,365.938218965776,282.4489522469984,1.0,0.0,0.0
Type 5,Instance 6,[4.419],[30.0],10.000000000000036,187.17629933721963,295.90415049861014,1.0,0.0,0.0
Type 5,Instance 7,[4.419],[30.0],10.000000000000036,238.43419743859783,67.80650394747714,1.0,0.0,0.0
Type 5,Instance 8,[4.419],[30.0],10.000000000000036,419.76168774600154,339.93454030998186,1.0,0.0,0.0
Type 5,Instance 9,[4.419],[30.0],10.000000000000036,426.01168774600154,333.68454030998186,1.0,0.0,0.0
Type 5,Instance 10,[4.419],[30.0],10.000000000000036,244.68419743859783,61.55650394747717,1.0,0.0,0.0
Type 5,Instance 11,[4.419],[30.0],10.000000000000036,193.42629933721963,289.65415049861014,1.0,0.0,0.0
Type 5,Instance 12,[4.419],[30.0],10.000000000000036,372.188218965776,276.1989522469984,1.0,0.0,0.0
Type 5,Instance 13,[4.419],[30.0],10.000000000000036,438.1827627713004,197.3899339161294,1.0,0.0,0.0
Type 5,Instance 14,[4.419],[30.0],10.000000000000036,94.75484549206664,258.258687911516,1.0,0.0,0.0
Type 5,Instance 15,[4.419],[30.0],10.000000000000036,64.68639320923944,61.55650394747717,1.0,0.0,0.0
Type 5,Instance 16,[4.419],[30.0],10.000000000000036,169.078797739065,223.01888296681852,1.0,0.0,0.0
Type 5,Instance 17,[4.419],[30.0],609.9999999999933,162.8287977390898,229.2688829668187,1.0,3.031649005909761e-14,7.579122514774402e-15
Type 5,Instance 18,[4.419],[30.0],609.9999999999977,58.43639320926032,67.80650394747991,1.0,3.150072795203111e-14,6.631732200427602e-15
Type 5,Instance 19,[4.419],[30.0],609.9999999999955,88.5048454920923,264.508687911518,1.0,3.126388037344441e-14,7.579122514774402e-15
Type 5,Instance 20,[4.419],[30.0],609.999999999985,431.93276277132463,203.63993391612297,1.0,3.410605131648481e-14,7.579122514774402e-15
Type 5,Instance 21,[4.419],[30.0],609.9999999999866,365.93821896580215,282.4489522469936,1.0,3.221127068779121e-14,7.579122514774402e-15
Type 5,Instance 22,[4.419],[30.0],609.9999999999922,187.17629933724606,295.90415049860974,1.0,3.031649005909761e-14,7.579122514774402e-15
Type 5,Instance 23,[4.419],[30.0],609.999999999992,238.4341974386187,67.80650394747548,1.0,3.126388037344441e-14,6.631732200427602e-15
Type 5,Instance 24,[4.419],[30.0],609.9999999999845,419.7616877460291,339.9345403099758,1.0,3.031649005909761e-14,7.579122514774402e-15
Type 5,Instance 25,[4.419],[30.0],609.9999999999843,426.01168774602894,333.68454030997566,1.0,3.221127068779121e-14,3.789561257387201e-15
Type 5,Instance 26,[4.419],[30.0],609.9999999999918,244.68419743861853,61.55650394747535,1.0,3.126388037344441e-14,6.631732200427602e-15
Type 5,Instance 27,[4.419],[30.0],609.9999999999919,193.4262993372459,289.6541504986096,1.0,3.221127068779121e-14,3.789561257387201e-15
Type 5,Instance 28,[4.419],[30.0],609.9999999999864,372.188218965802,276.1989522469935,1.0,3.031649005909761e-14,3.789561257387201e-15
Type 5,Instance 29,[4.419],[30.0],609.9999999999848,438.1827627713245,197.38993391612283,1.0,3.031649005909761e-14,6.631732200427602e-15
Type 5,Instance 30,[4.419],[30.0],609.9999999999952,94.75484549209216,258.2586879115178,1.0,3.126388037344441e-14,5.684341886080802e-15
Type 5,Instance 31,[4.419],[30.0],609.9999999999975,64.68639320926015,61.55650394747978,1.0,3.173757553061781e-14,6.631732200427602e-15
Type 5,Instance 32,[4.419],[30.0],609.9999999999931,169.07879773908962,223.01888296681855,1.0,3.221127068779121e-14,6.631732200427602e-15
Type 6,Instance 1,[2.934],[30.0],10.000000000000036,61.3630015363087,326.24961308570425,1.0,0.0,0.0
Type 6,Instance 2,[2.934],[30.0],10.000000000000036,158.75300792892722,346.75277232625547,1.0,0.0,0.0
Type 6,Instance 3,[2.934],[30.0],10.000000000000036,149.78287576118606,155.17637817235456,1.0,0.0,0.0
Type 6,Instance 4,[2.934],[30.0],10.000000000000036,383.64703584872393,150.691312088484,1.0,0.0,0.0
Type 6,Instance 5,[2.934],[30.0],10.000000000000036,109.41728100635072,53.94202942213269,1.0,0.0,0.0
Type 6,Instance 6,[2.934],[30.0],10.000000000000036,47.90780328469691,168.63157642396635,1.0,0.0,0.0
Type 6,Instance 7,[2.934],[30.0],10.000000000000036,234.99913135472724,198.1048678322588,1.0,0.0,0.0
Type 6,Instance 8,[2.934],[30.0],10.000000000000036,263.19097531048527,355.08218076772937,1.0,0.0,0.0
Type 6,Instance 9,[2.934],[30.0],10.000000000000036,267.34097531048525,350.9321807677294,1.0,0.0,0.0
Type 6,Instance 10,[2.934],[30.0],10.000000000000036,239.14913135472722,193.95486783225883,1.0,0.0,0.0
Type 6,Instance 11,[2.934],[30.0],10.000000000000036,52.05780328469689,164.48157642396637,1.0,0.0,0.0
Type 6,Instance 12,[2.934],[30.0],10.000000000000036,113.5672810063507,49.792029422132714,1.0,0.0,0.0
Type 6,Instance 13,[2.934],[30.0],10.000000000000036,387.7970358487239,146.54131208848403,1.0,0.0,0.0
Type 6,Instance 14,[2.934],[30.0],10.000000000000036,153.93287576118604,151.02637817235458,1.0,0.0,0.0
Type 6,Instance 15,[2.934],[30.0],10.000000000000036,162.90300792892725,342.6027723262555,1.0,0.0,0.0
Type 6,Instance 16,[2.934],[30.0],10.000000000000036,65.51300153630868,322.0996130857043,1.0,0.0,0.0
Type 6,Instance 17,[2.934],[30.0],609.9999999999959,61.36300153633587,326.24961308570687,1.0,3.126388037344441e-14,7.579122514774402e-15
Type 6,Instance 18,[2.934],[30.0],609.9999999999927,158.7530079289549,346.7527723262558,1.0,3.221127068779121e-14,5.684341886080802e-15
Type 6,Instance 19,[2.934],[30.0],609.9999999999941,149.78287576120903,155.17637817235504,1.0,3.221127068779121e-14,7.579122514774402e-15
Type 6,Instance 20,[2.934],[30.0],609.9999999999868,383.64703584874684,150.6913120884788,1.0,3.221127068779121e-14,6.631732200427602e-15
Type 6,Instance 21,[2.934],[30.0],609.9999999999961,109.41728100637123,53.9420294221342,1.0,3.126388037344441e-14,6.631732200427602e-15
Type 6,Instance 22,[2.934],[30.0],609.9999999999973,47.907803284720224,168.6315764239693,1.0,3.150072795203111e-14,7.579122514774402e-15
Type 6,Instance 23,[2.934],[30.0],609.9999999999911,234.99913135475123,198.10486783225718,1.0,3.221127068779121e-14,7.579122514774402e-15
Type 6,Instance 24,[2.934],[30.0],609.9999999999893,263.1909753105131,355.0821807677271,1.0,3.221127068779121e-14,7.579122514774402e-15
Type 6,Instance 25,[2.934],[30.0],609.9999999999891,267.34097531051304,350.932180767727,1.0,3.031649005909761e-14,7.579122514774402e-15
Type 6,Instance 26,[2.934],[30.0],609.9999999999911,239.14913135475112,193.9548678322571,1.0,3.126388037344441e-14,7.579122514774402e-15
Type 6,Instance 27,[2.934],[30.0],609.9999999999973,52.05780328472011,164.48157642396922,1.0,3.126388037344441e-14,7.579122514774402e-15
Type 6,Instance 28,[2.934],[30.0],609.9999999999961,113.5672810063711,49.79202942213411,1.0,3.173757553061781e-14,6.631732200427602e-15
Type 6,Instance 29,[2.934],[30.0],609.9999999999868,387.79703584874676,146.54131208847872,1.0,3.031649005909761e-14,6.631732200427602e-15
Type 6,Instance 30,[2.934],[30.0],609.9999999999941,153.93287576120892,151.02637817235495,1.0,3.126388037344441e-14,7.579122514774402e-15
Type 6,Instance 31,[2.934],[30.0],609.9999999999925,162.90300792895482,342.6027723262557,1.0,3.031649005909761e-14,5.684341886080802e-15
Type 6,Instance 32,[2.934],[30.0],609.9999999999957,65.51300153633575,322.0996130857068,1.0,3.173757553061781e-14,7.579122514774402e-15
Type 7,Instance 1,[1.838],[30.0],10.000000000000036,199.25287895749534,90.32900554563183,1.0,0.0,0.0
Type 7,Instance 2,[1.838],[30.0],10.000000000000036,105.06649119621288,210.1443423576033,1.0,0.0,0.0
Type 7,Instance 3,[1.838],[30.0],10.000000000000036,134.53978260450538,290.87553186727393,1.0,0.0,0.0
Type 7,Instance 4,[1.838],[30.0],10.000000000000036,209.50445857777095,240.258357492163,1.0,0.0,0.0
Type 7,Instance 5,[1.838],[30.0],10.000000000000036,238.33702625979618,130.69460030046713,1.0,0.0,0.0
Type 7,Instance 6,[1.838],[30.0],10.000000000000036,81.35971332432547,108.2692698811142,1.0,0.0,0.0
Type 7,Instance 7,[1.838],[30.0],10.000000000000036,394.6736154689995,226.16243551428397,1.0,0.0,0.0
Type 7,Instance 8,[1.838],[30.0],10.000000000000036,283.187687098502,75.59235984148562,1.0,0.0,0.0
Type 7,Instance 9,[1.838],[30.0],10.000000000000036,296.00216162384663,329.3189554433076,1.0,0.0,0.0
Type 7,Instance 10,[1.838],[30.0],10.000000000000036,238.33702625979618,302.40855894008405,1.0,0.0,0.0
Type 7,Instance 11,[1.838],[30.0],10.000000000000036,240.9370262597962,299.808558940084,1.0,0.0,0.0
Type 7,Instance 12,[1.838],[30.0],10.000000000000036,298.60216162384654,326.71895544330766,1.0,0.0,0.0
Type 7,Instance 13,[1.838],[30.0],10.000000000000036,285.78768709850203,72.99235984148562,1.0,0.0,0.0
Type 7,Instance 14,[1.838],[30.0],10.000000000000036,397.27361546899954,223.56243551428395,1.0,0.0,0.0
Type 7,Instance 15,[1.838],[30.0],10.000000000000036,83.95971332432546,105.6692698811142,1.0,0.0,0.0
Type 7,Instance 16,[1.838],[30.0],10.000000000000036,240.9370262597962,128.0946003004671,1.0,0.0,0.0
Type 7,Instance 17,[1.838],[30.0],10.000000000000036,212.1044585777709,237.65835749216296,1.0,0.0,0.0
Type 7,Instance 18,[1.838],[30.0],10.000000000000036,137.13978260450534,288.2755318672739,1.0,0.0,0.0
Type 7,Instance 19,[1.838],[30.0],10.000000000000036,107.66649119621287,207.54434235760328,1.0,0.0,0.0
Type 7,Instance 20,[1.838],[30.0],10.000000000000036,201.8528789574953,87.72900554563184,1.0,0.0,0.0
Type 7,Instance 21,[1.838],[30.0],609.9999999999932,199.2528789575167,90.32900554563113,1.0,3.221127068779121e-14,7.579122514774402e-15
Type 7,Instance 22,[1.838],[30.0],609.9999999999952,105.06649119623721,210.1443423576049,1.0,3.126388037344441e-14,5.684341886080802e-15
Type 7,Instance 23,[1.838],[30.0],609.9999999999939,134.53978260453164,290.8755318672748,1.0,3.221127068779121e-14,5.684341886080802e-15
Type 7,Instance 24,[1.838],[30.0],609.9999999999918,209.50445857779596,240.25835749216202,1.0,3.221127068779121e-14,5.684341886080802e-15
Type 7,Instance 25,[1.838],[30.0],609.9999999999916,238.33702625981857,130.69460030046548,1.0,3.221127068779121e-14,5.684341886080802e-15
Type 7,Instance 26,[1.838],[30.0],609.9999999999966,81.35971332434731,108.2692698811164,1.0,3.126388037344441e-14,7.579122514774402e-15
Type 7,Instance 27,[1.838],[30.0],609.9999999999861,394.6736154690243,226.16243551427846,1.0,3.221127068779121e-14,7.579122514774402e-15
Type 7,Instance 28,[1.838],[30.0],609.9999999999905,283.18768709852316,75.59235984148287,1.0,3.031649005909761e-14,7.579122514774402e-15
Type 7,Instance 29,[1.838],[30.0],609.9999999999884,296.0021616238739,329.31895544330456,1.0,3.031649005909761e-14,5.684341886080802e-15
Type 7,Instance 30,[1.838],[30.0],609.9999999999905,238.33702625982278,302.40855894008234,1.0,3.221127068779121e-14,5.684341886080802e-15
Type 7,Instance 31,[1.838],[30.0],609.9999999999902,240.93702625982274,299.80855894008226,1.0,3.031649005909761e-14,7.579122514774402e-15
Type 7,Instance 32,[1.838],[30.0],609.9999999999884,298.6021616238738,326.7189554433045,1.0,3.031649005909761e-14,7.579122514774402e-15
Type 7,Instance 33,[1.838],[30.0],609.9999999999905,285.78768709852307,72.99235984148282,1.0,3.031649005909761e-14,7.105427357601002e-15
Type 7,Instance 34,[1.838],[30.0],609.9999999999859,397.2736154690242,223.56243551427843,1.0,3.221127068779121e-14,5.684341886080802e-15
Type 7,Instance 35,[1.838],[30.0],609.9999999999966,83.95971332434723,105.66926988111635,1.0,3.173757553061781e-14,7.105427357601002e-15
Type 7,Instance 36,[1.838],[30.0],609.9999999999916,240.93702625981854,128.0946003004654,1.0,3.031649005909761e-14,7.579122514774402e-15
Type 7,Instance 37,[1.838],[30.0],609.9999999999916,212.10445857779592,237.65835749216194,1.0,3.031649005909761e-14,7.579122514774402e-15
Type 7,Instance 38,[1.838],[30.0],609.9999999999936,137.1397826045316,288.2755318672747,1.0,3.031649005909761e-14,7.579122514774402e-15
Type 7,Instance 39,[1.838],[30.0],609.9999999999952,107.66649119623713,207.54434235760482,1.0,3.173757553061781e-14,7.579122514774402e-15
Type 7,Instance 40,[1.838],[30.0],609.999999999993,201.85287895751668,87.72900554563108,1.0,3.031649005909761e-14,7.105427357601002e-15
Type 8,Instance 1,[9.073],[30.0],40.000000000000036,320.3827867241766,290.2378373999883,-1.0,0.0,0.0
Type 8,Instance 2,[9.073],[30.0],40.000000000000036,291.7621626000117,278.3827867241766,-1.0,0.0,0.0
Type 8,Instance 3,[9.073],[30.0],639.999999999988,320.3827867242038,290.2378373999848,-1.0,-3.031649005909761e-14,-7.579122514774402e-15
Type 8,Instance 4,[9.073],[30.0],639.9999999999889,291.7621626000387,278.3827867241738,-1.0,-3.221127068779121e-14,-3.789561257387201e-15
Type 9,Instance 1,[16.766],[30.0],40.000000000000036,323.8550506758117,128.1449493241884,-1.0,0.0,0.0
Type 9,Instance 2,[16.766],[30.0],639.9999999999889,323.85505067583506,128.14494932418484,-1.0,-3.221127068779121e-14,-6.631732200427602e-15
Type 10,Instance 1,[3.827],[30.0],40.000000000000036,13.464466094067227,383.53553390593277,-1.0,0.0,0.0
Type 10,Instance 2,[3.827],[30.0],40.000000000000036,18.464466094067266,21.464466094067255,-1.0,0.0,0.0
Type 10,Instance 3,[3.827],[30.0],40.000000000000036,490.53553390593265,388.53553390593277,-1.0,0.0,0.0
Type 10,Instance 4,[3.827],[30.0],639.999999999997,13.46446609409674,383.53553390593675,-1.0,-3.138230416273776e-14,-7.579122514774402e-15
Type 10,Instance 5,[3.827],[30.0],639.9999999999993,18.464466094087935,21.464466094071206,-1.0,-3.150072795203111e-14,-6.868579779014302e-15
Type 10,Instance 6,[3.827],[30.0],639.9999999999818,490.5355339059624,388.5355339059251,-1.0,-3.031649005909761e-14,-7.579122514774402e-15
Type 11,Instance 1,[1.951],[30.0],40.000000000000036,496.61939766255637,207.22871846190554,-1.0,0.0,0.0
Type 11,Instance 2,[1.951],[30.0],40.000000000000036,313.30681544402734,21.845068431510857,-1.0,0.0,0.0
Type 11,Instance 3,[1.951],[30.0],639.999999999983,496.6193976625816,207.22871846189776,-1.0,-3.031649005909761e-14,-6.631732200427602e-15
Type 11,Instance 4,[1.951],[30.0],639.99999999999,313.3068154440481,21.8450684315076,-1.0,-3.221127068779121e-14,-6.868579779014302e-15
Type 12,Instance 1,[2.97],[20.0],627.0999999999999,245.76,20.0,0.0,0.0,-1.0
Type 12,Instance 2,[2.97],[20.0],627.0999999999999,79.9,20.0,0.0,0.0,-1.0
Type 12,Instance 3,[2.97],[20.0],27.099999999999998,79.89999999999998,20.0,0.0,0.0,-1.0
Type 12,Instance 4,[2.97],[20.0],27.100000000000005,245.76,20.0,0.0,0.0,-1.0
Type 12,Instance 5,[2.97],[20.0],22.899999999999995,249.95999999999998,20.0,0.0,0.0,-1.0
Type 12,Instance 6,[2.97],[20.0],22.900000000000002,84.1,20.0,0.0,0.0,-1.0
Type 12,Instance 7,[2.97],[20.0],622.9000000000001,84.09999999999997,20.0,0.0,0.0,-1.0
Type 12,Instance 8,[2.97],[20.0],622.9000000000001,249.95999999999998,20.0,0.0,0.0,-1.0
Type 12,Instance 9,[2.97],[20.0],622.9000000000001,403.01339206456765,111.0133920645677,0.0,0.7071067811865478,-0.7071067811865471
Type 12,Instance 10,[2.97],[20.0],22.90000000000001,403.01339206456765,111.01339206456777,0.0,0.7071067811865478,-0.7071067811865471
Type 12,Instance 11,[2.97],[20.0],27.10000000000001,405.98324054555115,113.98324054555127,-1.776356839400251e-16,0.7071067811865478,-0.7071067811865471
Type 12,Instance 12,[2.97],[20.0],627.0999999999999,405.98324054555115,113.98324054555118,0.0,0.7071067811865476,-0.7071067811865476
Type 12,Instance 13,[2.97],[20.0],22.899999999999892,497.0,297.9,0.0,1.0,0.0
Type 12,Instance 14,[2.97],[20.0],622.8999999999999,497.0,297.9,0.0,1.0,0.0
Type 12,Instance 15,[2.97],[20.0],627.0999999999999,497.0,302.1,0.0,1.0,0.0
Type 12,Instance 16,[2.97],[20.0],27.099999999999888,497.0,302.1,0.0,1.0,0.0
Type 13,Instance 1,[1.414],[20.0],151.70944314441272,262.1270659804535,0.0,0.0,0.0,1.0
Type 13,Instance 2,[1.414],[20.0],87.69635087395733,197.43298336669545,0.0,0.0,0.0,1.0
Type 13,Instance 3,[1.414],[20.0],296.76038626789125,181.08921512743024,0.0,0.0,0.0,1.0
Type 13,Instance 4,[1.414],[20.0],345.79169098568684,276.42786318981047,0.0,0.0,0.0,1.0
Type 13,Instance 5,[1.414],[20.0],534.4260160805392,161.34049517165144,0.0,0.0,0.0,1.0
Type 13,Instance 6,[1.414],[20.0],441.8113293913698,52.382040243216835,0.0,0.0,0.0,1.0
Type 13,Instance 7,[1.414],[20.0],443.8113293913698,54.382040243216835,0.0,0.0,0.0,1.0
Type 13,Instance 8,[1.414],[20.0],536.4260160805392,163.34049517165144,0.0,0.0,0.0,1.0
Type 13,Instance 9,[1.414],[20.0],347.79169098568684,278.42786318981047,0.0,0.0,0.0,1.0
Type 13,Instance 10,[1.414],[20.0],298.76038626789125,183.08921512743024,0.0,0.0,0.0,1.0
Type 13,Instance 11,[1.414],[20.0],89.69635087395733,199.43298336669545,0.0,0.0,0.0,1.0
Type 13,Instance 12,[1.414],[20.0],153.70944314441272,264.1270659804535,0.0,0.0,0.0,1.0
Type 13,Instance 13,[1.414],[20.0],89.05833156056286,355.13695930131803,63.136959301318086,0.0,0.7071067811865476,-0.7071067811865476
Type 13,Instance 14,[1.414],[20.0],254.5389849831229,447.5912741183239,155.591274118324,0.0,0.7071067811865476,-0.7071067811865476
Type 13,Instance 15,[1.414],[20.0],395.50398604678514,378.25053800556947,86.25053800556952,0.0,0.7071067811865476,-0.7071067811865476
Type 13,Instance 16,[1.414],[20.0],543.9598808867772,385.47353135064805,93.47353135064807,0.0,0.7071067811865483,-0.7071067811865469
Type 13,Instance 17,[1.414],[20.0],533.7450257372365,458.18499769110576,166.18499769110588,0.0,0.7071067811865476,-0.7071067811865476
Type 13,Instance 18,[1.414],[20.0],277.0116663121125,378.25053800556947,86.25053800556952,0.0,0.7071067811865476,-0.7071067811865476
Type 13,Instance 19,[1.414],[20.0],101.99714808331441,425.4407611934163,133.44076119341634,0.0,0.7071067811865483,-0.7071067811865469
Type 13,Instance 20,[1.414],[20.0],428.1915225253154,342.1355712801766,50.13557128017658,0.0,0.7071067811865476,-0.7071067811865476
Type 13,Instance 21,[1.414],[20.0],423.4245901221965,416.77316917932194,124.77316917932197,0.0,0.7071067811865483,-0.7071067811865469
Type 13,Instance 22,[1.414],[20.0],196.65480580239202,360.9153539773809,68.91535397738093,0.0,0.7071067811865476,-0.7071067811865476
Type 13,Instance 23,[1.414],[20.0],198.65480580239202,362.329567539754,70.32956753975404,0.0,0.7071067811865476,-0.7071067811865476
Type 13,Instance 24,[1.414],[20.0],425.4245901221965,418.18738274169505,126.18738274169507,0.0,0.7071067811865476,-0.7071067811865476
Type 13,Instance 25,[1.414],[20.0],430.1915225253154,343.5497848425497,51.54978484254967,0.0,0.7071067811865478,-0.7071067811865471
Type 13,Instance 26,[1.414],[20.0],103.99714808331441,426.8549747557894,134.85497475578944,0.0,0.7071067811865476,-0.7071067811865476
Type 13,Instance 27,[1.414],[20.0],279.0116663121125,379.6647515679426,87.66475156794263,0.0,0.7071067811865476,-0.7071067811865476
Type 13,Instance 28,[1.414],[20.0],535.7450257372365,459.59921125347887,167.59921125347898,0.0,0.7071067811865476,-0.7071067811865476
Type 13,Instance 29,[1.414],[20.0],545.9598808867772,386.88774491302115,94.88774491302118,0.0,0.7071067811865476,-0.7071067811865476
Type 13,Instance 30,[1.414],[20.0],397.50398604678514,379.6647515679426,87.66475156794263,0.0,0.7071067811865476,-0.7071067811865476
Type 13,Instance 31,[1.414],[20.0],256.53898498312293,449.005487680697,157.00548768069712,0.0,0.7071067811865476,-0.7071067811865476
Type 13,Instance 32,[1.414],[20.0],91.05833156056286,356.55117286369114,64.55117286369118,0.0,0.7071067811865478,-0.7071067811865471
Type 13,Instance 33,[1.414],[20.0],177.58707618991576,497.0,341.34704130687896,0.0,1.0,0.0
Type 13,Instance 34,[1.414],[20.0],150.34746245780715,497.0,289.5917752158725,0.0,1.0,0.0
Type 13,Instance 35,[1.414],[20.0],352.60159441871383,497.0,354.2858578296306,0.0,1.0,0.0
Type 13,Instance 36,[1.414],[20.0],402.3138894798122,497.0,267.11909388688287,0.0,1.0,0.0
Type 13,Instance 37,[1.414],[20.0],539.1929484836581,497.0,312.74544688816485,0.0,1.0,0.0
Type 13,Instance 38,[1.414],[20.0],86.0078360424778,497.0,312.74544688816485,0.0,1.0,0.0
Type 13,Instance 39,[1.414],[20.0],88.0078360424778,497.0,314.74544688816485,0.0,1.0,0.0
Type 13,Instance 40,[1.414],[20.0],541.1929484836581,497.0,314.74544688816485,0.0,1.0,0.0
Type 13,Instance 41,[1.414],[20.0],404.3138894798122,497.0,269.11909388688287,0.0,1.0,0.0
Type 13,Instance 42,[1.414],[20.0],354.60159441871383,497.0,356.2858578296306,0.0,1.0,0.0
Type 13,Instance 43,[1.414],[20.0],152.34746245780715,497.0,291.5917752158725,0.0,1.0,0.0
Type 13,Instance 44,[1.414],[20.0],179.58707618991576,497.0,343.34704130687896,0.0,1.0,0.0
Type 14,Instance 1,[2.475],[20.0],106.01408048643349,54.35600161642774,0.0,0.0,0.0,1.0
Type 14,Instance 2,[2.475],[20.0],222.46342919119792,140.16078487256996,0.0,0.0,0.0,1.0
Type 14,Instance 3,[2.475],[20.0],244.25512017688482,249.80023014430728,0.0,0.0,0.0,1.0
Type 14,Instance 4,[2.475],[20.0],485.3257017060464,106.11126770743412,0.0,0.0,0.0,1.0
Type 14,Instance 5,[2.475],[20.0],380.4531888374281,161.2714855149542,0.0,0.0,0.0,1.0
Type 14,Instance 6,[2.475],[20.0],575.8974173653077,260.0150852938481,0.0,0.0,0.0,1.0
Type 14,Instance 7,[2.475],[20.0],601.0940600675083,65.25184710927121,0.0,0.0,0.0,1.0
Type 14,Instance 8,[2.475],[20.0],604.5940600675083,68.75184710927115,0.0,0.0,0.0,1.0
Type 14,Instance 9,[2.475],[20.0],579.3974173653077,263.51508529384796,0.0,0.0,0.0,1.0
Type 14,Instance 10,[2.475],[20.0],383.9531888374281,164.7714855149542,0.0,0.0,0.0,1.0
Type 14,Instance 11,[2.475],[20.0],488.8257017060464,109.61126770743412,0.0,0.0,0.0,1.0
Type 14,Instance 12,[2.475],[20.0],247.75512017688482,253.30023014430728,0.0,0.0,0.0,1.0
Type 14,Instance 13,[2.475],[20.0],225.96342919119792,143.66078487256996,0.0,0.0,0.0,1.0
Type 14,Instance 14,[2.475],[20.0],109.51408048643349,57.85600161642774,0.0,0.0,0.0,1.0
Type 14,Instance 15,[2.475],[20.0],127.12478112881766,390.24006305114915,98.24006305114918,0.0,0.7071067811865476,-0.7071067811865476
Type 14,Instance 16,[2.475],[20.0],75.36951503781125,461.50693072259116,169.5069307225913,0.0,0.7071067811865483,-0.7071067811865469
Type 14,Instance 17,[2.475],[20.0],323.93099034330265,417.2059048727758,125.20590487277592,0.0,0.7071067811865478,-0.7071067811865471
Type 14,Instance 18,[2.475],[20.0],338.9127778959624,344.97597142199004,52.97597142199001,0.0,0.7071067811865477,-0.7071067811865474
Type 14,Instance 19,[2.475],[20.0],500.30748925870625,406.61218129999395,114.61218129999398,0.0,0.7071067811865478,-0.7071067811865471
Type 14,Instance 20,[2.475],[20.0],568.4065235889777,354.1250963257562,62.125096325756196,0.0,0.7071067811865477,-0.7071067811865474
Type 14,Instance 21,[2.475],[20.0],586.793262858151,453.3208715981687,161.32087159816882,0.0,0.7071067811865476,-0.7071067811865476
Type 14,Instance 22,[2.475],[20.0],590.293262858151,455.7957453323216,163.7957453323217,0.0,0.7071067811865476,-0.7071067811865476
Type 14,Instance 23,[2.475],[20.0],571.9065235889777,356.5999700599091,64.59997005990908,0.0,0.7071067811865476,-0.7071067811865476
Type 14,Instance 24,[2.475],[20.0],503.80748925870614,409.08705503414683,117.08705503414686,0.0,0.7071067811865478,-0.7071067811865471
Type 14,Instance 25,[2.475],[20.0],342.4127778959624,347.4508451561429,55.45084515614293,0.0,0.7071067811865477,-0.7071067811865474
Type 14,Instance 26,[2.475],[20.0],327.43099034330265,419.6807786069288,127.68077860692884,0.0,0.7071067811865476,-0.7071067811865476
Type 14,Instance 27,[2.475],[20.0],78.86951503781125,463.98180445674404,171.98180445674421,0.0,0.7071067811865476,-0.7071067811865476
Type 14,Instance 28,[2.475],[20.0],130.62478112881766,392.71493678530203,100.7149367853021,0.0,0.7071067811865478,-0.7071067811865471
Type 14,Instance 29,[2.475],[20.0],191.13787339927282,497.0,277.94592972302905,0.0,1.0,0.0
Type 14,Instance 30,[2.475],[20.0],82.17941847083823,497.0,341.2780316501817,0.0,1.0,0.0
Type 14,Instance 31,[2.475],[20.0],389.30606330036323,497.0,306.5475241417431,0.0,1.0,0.0
Type 14,Instance 32,[2.475],[20.0],575.8974173653075,497.0,260.9211711404612,0.0,1.0,0.0
Type 14,Instance 33,[2.475],[20.0],477.83480792971636,497.0,335.1491185604572,0.0,1.0,0.0
Type 14,Instance 34,[2.475],[20.0],481.33480792971636,497.0,338.6491185604572,0.0,1.0,0.0
Type 14,Instance 35,[2.475],[20.0],579.3974173653075,497.0,264.42117114046107,0.0,1.0,0.0
Type 14,Instance 36,[2.475],[20.0],392.80606330036323,497.0,310.0475241417431,0.0,1.0,0.0
Type 14,Instance 37,[2.475],[20.0],85.67941847083823,497.0,344.7780316501817,0.0,1.0,0.0
Type 14,Instance 38,[2.475],[20.0],194.63787339927282,497.0,281.44592972302905,0.0,1.0,0.0
Type 15,Instance 1,[3.889],[20.0],51.89683370882156,254.248152890729,0.0,0.0,0.0,1.0
Type 15,Instance 2,[3.889],[20.0],527.9090836774202,90.81047049807715,0.0,0.0,0.0,1.0
Type 15,Instance 3,[3.889],[20.0],507.47937337833866,216.7936840090796,0.0,0.0,0.0,1.0
Type 15,Instance 4,[3.889],[20.0],241.8931394902794,72.42373122890379,0.0,0.0,0.0,1.0
Type 15,Instance 5,[3.889],[20.0],179.24202790642954,197.72595439660358,0.0,0.0,0.0,1.0
Type 15,Instance 6,[3.889],[20.0],348.8086233888058,216.79368400907964,0.0,0.0,0.0,1.0
Type 15,Instance 7,[3.889],[20.0],367.87635300128187,80.59561534853638,0.0,0.0,0.0,1.0
Type 15,Instance 8,[3.889],[20.0],73.68852469450852,134.39385246945096,0.0,0.0,0.0,1.0
Type 15,Instance 9,[3.889],[20.0],447.55222316769976,154.82356276853244,0.0,0.0,0.0,1.0
Type 15,Instance 10,[3.889],[20.0],447.55222316769976,272.63489215990234,0.0,0.0,0.0,1.0
Type 15,Instance 11,[3.889],[20.0],453.05222316769976,278.13489215990234,0.0,0.0,0.0,1.0
Type 15,Instance 12,[3.889],[20.0],453.05222316769976,160.32356276853244,0.0,0.0,0.0,1.0
Type 15,Instance 13,[3.889],[20.0],79.18852469450852,139.89385246945096,0.0,0.0,0.0,1.0
Type 15,Instance 14,[3.889],[20.0],373.37635300128187,86.09561534853638,0.0,0.0,0.0,1.0
Type 15,Instance 15,[3.889],[20.0],354.3086233888058,222.29368400907964,0.0,0.0,0.0,1.0
Type 15,Instance 16,[3.889],[20.0],184.74202790642954,203.22595439660358,0.0,0.0,0.0,1.0
Type 15,Instance 17,[3.889],[20.0],247.3931394902794,77.92373122890379,0.0,0.0,0.0,1.0
Type 15,Instance 18,[3.889],[20.0],512.9793733783388,222.29368400907967,0.0,0.0,0.0,1.0
Type 15,Instance 19,[3.889],[20.0],533.4090836774202,96.3104704980771,0.0,0.0,0.0,1.0
Type 15,Instance 20,[3.889],[20.0],57.39683370882156,259.748152890729,0.0,0.0,0.0,1.0
Type 15,Instance 21,[3.889],[20.0],207.16263198184086,409.7573376361827,117.75733763618271,0.0,0.7071067811865478,-0.7071067811865471
Type 15,Instance 22,[3.889],[20.0],423.0365708088019,462.72595550009214,170.7259555000923,0.0,0.7071067811865489,-0.707106781186546
Type 15,Instance 23,[3.889],[20.0],487.04966307925724,354.86258821358535,62.8625882135854,0.0,0.7071067811865476,-0.7071067811865476
Type 15,Instance 24,[3.889],[20.0],306.5872221040375,462.72595550009214,170.7259555000923,0.0,0.7071067811865489,-0.707106781186546
Type 15,Instance 25,[3.889],[20.0],160.85528863725622,459.3552252723889,167.35522527238902,0.0,0.7071067811865476,-0.7071067811865476
Type 15,Instance 26,[3.889],[20.0],156.76934657743982,336.0828055163811,44.08280551638109,0.0,0.7071067811865477,-0.7071067811865474
Type 15,Instance 27,[3.889],[20.0],273.2186952822043,336.0828055163811,44.08280551638109,0.0,0.7071067811865477,-0.7071067811865474
Type 15,Instance 28,[3.889],[20.0],586.4742532014537,406.86814029815116,114.86814029815122,0.0,0.7071067811865476,-0.7071067811865476
Type 15,Instance 29,[3.889],[20.0],591.9742532014537,410.75722759467715,118.7572275946772,0.0,0.7071067811865476,-0.7071067811865476
Type 15,Instance 30,[3.889],[20.0],278.7186952822043,339.9718928129071,47.971892812907114,0.0,0.7071067811865476,-0.7071067811865476
Type 15,Instance 31,[3.889],[20.0],162.26934657743982,339.9718928129071,47.971892812907114,0.0,0.7071067811865476,-0.7071067811865476
Type 15,Instance 32,[3.889],[20.0],166.35528863725622,463.2443125689149,171.244312568915,0.0,0.7071067811865476,-0.7071067811865476
Type 15,Instance 33,[3.889],[20.0],312.0872221040375,466.6150427966182,174.61504279661835,0.0,0.7071067811865476,-0.7071067811865476
Type 15,Instance 34,[3.889],[20.0],492.54966307925724,358.75167551011134,66.75167551011141,0.0,0.7071067811865476,-0.7071067811865476
Type 15,Instance 35,[3.889],[20.0],428.5365708088019,466.6150427966182,174.6150427966183,0.0,0.7071067811865476,-0.7071067811865476
Type 15,Instance 36,[3.889],[20.0],212.66263198184086,413.64642493270867,121.64642493270874,0.0,0.7071067811865476,-0.7071067811865476
Type 15,Instance 37,[3.889],[20.0],69.60258263469208,497.0,280.35088143954266,0.0,1.0,0.0
Type 15,Instance 38,[3.889],[20.0],258.91789807284715,497.0,328.7011958140355,0.0,1.0,0.0
Type 15,Instance 39,[3.889],[20.0],485.006692049349,497.0,276.26493937972634,0.0,1.0,0.0
Type 15,Instance 40,[3.889],[20.0],564.6825622157668,497.0,328.7011958140355,0.0,1.0,0.0
Type 15,Instance 41,[3.889],[20.0],289.56246352146945,497.0,280.35088143954266,0.0,1.0,0.0
Type 15,Instance 42,[3.889],[20.0],295.06246352146945,497.0,285.85088143954266,0.0,1.0,0.0
Type 15,Instance 43,[3.889],[20.0],570.1825622157668,497.0,334.2011958140355,0.0,1.0,0.0
Type 15,Instance 44,[3.889],[20.0],490.506692049349,497.0,281.76493937972634,0.0,1.0,0.0
Type 15,Instance 45,[3.889],[20.0],264.41789807284715,497.0,334.2011958140355,0.0,1.0,0.0
Type 15,Instance 46,[3.889],[20.0],75.10258263469206,497.0,285.85088143954266,0.0,1.0,0.0
Type 16,Instance 1,[3.827],[20.0],648.5355339059328,18.46446609406726,20.0,0.0,0.0,-1.0
Type 16,Instance 2,[3.827],[20.0],643.5355339059328,310.53553390593277,20.0,0.0,0.0,-1.0
Type 16,Instance 3,[3.827],[20.0],6.464466094067264,13.464466094067262,20.0,0.0,0.0,-1.0
Type 16,Instance 4,[3.827],[20.0],1.4644660940672622,305.53553390593277,20.0,0.0,0.0,-1.0
Type 16,Instance 5,[3.827],[20.0],1.464466094067285,489.49999999999983,197.5,-8.881784197001253e-17,0.7071067811865476,-0.7071067811865476
Type 16,Instance 6,[3.827],[20.0],648.5355339059328,503.6421356237308,183.35786437626896,0.0,-0.7071067811865476,0.7071067811865476
Type 16,Instance 7,[3.827],[20.0],648.5355339059328,319.496632610119,27.49663261011897,0.0,0.7071067811865477,-0.7071067811865474
Type 16,Instance 8,[3.827],[20.0],1.464466094067241,333.63876823385,13.354496986388114,8.881784197001254e-17,-0.7071067811865477,0.7071067811865474
Type 16,Instance 9,[3.827],[20.0],1.4644660940671437,517.0,226.46446609406726,0.0,-1.0,0.0
Type 16,Instance 10,[3.827],[20.0],1.4644660940671512,497.0,373.53553390593277,0.0,1.0,0.0
Type 16,Instance 11,[3.827],[20.0],648.5355339059327,497.0,226.46446609406726,0.0,1.0,0.0
Type 16,Instance 12,[3.827],[20.0],648.5355339059327,517.0,373.53553390593277,0.0,-1.0,0.0
